Episodes,Scores,Average,Total Rewards
0,-10.099999999999989,-10.099999999999989,-10.099999999999989
1,-14.09999999999999,-12.09999999999999,-24.200000000000017
2,-10.099999999999993,-11.433333333333325,-34.300000000000104
3,-18.100000000000016,-13.099999999999998,-52.40000000000019
4,-6.099999999999994,-11.699999999999998,-58.50000000000028
5,-12.099999999999993,-11.766666666666664,-70.60000000000016
6,-8.099999999999989,-11.242857142857138,-78.69999999999982
7,-18.10000000000002,-12.1,-96.79999999999947
8,-14.099999999999985,-12.32222222222222,-110.89999999999912
9,-6.099999999999994,-11.699999999999998,-116.99999999999878
10,-6.099999999999994,-11.190909090909088,-123.09999999999843
11,-16.099999999999987,-11.599999999999996,-139.19999999999808
12,-30.100000000000023,-13.023076923076921,-169.29999999999774
13,-14.099999999999989,-13.099999999999998,-183.3999999999974
14,-8.099999999999994,-12.766666666666664,-191.49999999999704
15,-8.099999999999987,-12.474999999999998,-199.5999999999967
16,-16.099999999999984,-12.688235294117645,-215.69999999999635
17,-10.099999999999982,-12.544444444444443,-225.799999999996
18,-10.099999999999987,-12.415789473684208,-235.89999999999566
19,-14.099999999999987,-12.499999999999996,-249.9999999999953
20,-10.099999999999985,-12.38571428571428,-260.0999999999961
21,-12.099999999999984,-12.372727272727268,-272.1999999999975
22,-0.5553391943141808,-11.858927791057132,-272.7553391943124
23,-8.099999999999994,-11.702305799763087,-280.8553391943138
24,-12.09999999999998,-11.718213567772562,-292.9553391943152
25,-6.099999999999994,-11.502128430550538,-299.05533919431656
26,-6.099999999999994,-11.302049599789408,-305.15533919431795
27,2.4446608056858157,-10.811095656736722,-302.7106783886331
28,7.244660805685808,-10.188483364929048,-295.4660175829476
29,-6.099999999999994,-10.052200586098081,-301.566017582949
30,-1.4553391943141794,-9.774882476685699,-303.0213567772641
31,-5.699999999999997,-9.64754239928927,-308.7213567772647
32,-10.099999999999989,-9.661253235674442,-318.8213567772661
33,-12.099999999999987,-9.732981081684017,-330.9213567772675
34,-18.10000000000001,-9.972038765064474,-349.02135677726886
35,-14.099999999999994,-10.086704354923793,-363.12135677727025
36,-10.099999999999994,-10.08706369668261,-373.22135677727164
37,-10.099999999999987,-10.087404125717278,-383.321356777273
38,-12.099999999999987,-10.139009148134782,-395.4213567772744
39,-6.099999999999994,-10.038033919431413,-401.5213567772758
40,-6.299999999999997,-9.94686236042089,-407.82135677727655
41,-0.7553391943141783,-9.728016570751683,-408.57669597159196
42,4.344660805685807,-9.400745003857788,-404.2320351659071
43,1.24466080568582,-9.158803962731797,-402.98737436022253
44,-12.099999999999985,-9.22416387467109,-415.0873743602239
45,-9.699999999999985,-9.234508138265197,-424.787374360225
46,-14.099999999999982,-9.33802924170636,-438.8873743602264
47,-14.099999999999982,-9.437236965837478,-452.98737436022776
48,-10.099999999999994,-9.450762742044876,-463.08737436022915
49,-16.099999999999987,-9.58374748720398,-479.18737436023054
50,-14.099999999999994,-9.672301458043115,-493.2873743602319
51,-8.099999999999994,-9.642064891542287,-501.3873743602333
52,-4.9,-9.552591969060357,-506.28737436023374
53,-6.099999999999994,-9.488655080744424,-512.3873743602351
54,-20.100000000000016,-9.68158862473089,-532.4873743602365
55,-14.099999999999994,-9.760488827860696,-546.5873743602378
56,-6.099999999999994,-9.696269725617526,-552.6873743602392
57,-14.099999999999985,-9.772196109658603,-566.7873743602406
58,-16.09999999999998,-9.87944702305422,-582.887374360242
59,-12.099999999999987,-9.91645623933665,-594.9873743602434
60,-12.099999999999989,-9.952252038691789,-607.0873743602448
61,-8.099999999999993,-9.922377005809663,-615.1873743602462
62,-12.099999999999985,-9.956942450161892,-627.2873743602476
63,-6.099999999999994,-9.896677724378112,-633.3873743602489
64,5.444660805685807,-9.660657131607898,-627.9427135545639
65,-6.099999999999994,-9.606707781128991,-634.0427135545652
66,-14.099999999999984,-9.673771844097216,-648.1427135545666
67,-14.099999999999982,-9.738863434625198,-662.242713554568
68,6.2446608056858075,-9.50721815578011,-655.9980527488827
69,-6.099999999999994,-9.458543610697538,-662.0980527488841
70,3.444660805685812,-9.27680833722735,-658.653391943199
71,-12.099999999999985,-9.316019332543638,-670.7533919432004
72,-6.099999999999994,-9.271964273193724,-676.8533919432018
73,6.044660805685807,-9.064982853208866,-670.8087311375166
74,-8.099999999999987,-9.052116415166081,-678.908731137518
75,-5.399999999999999,-9.004062251808634,-684.3087311375185
76,-6.099999999999994,-8.9663471576293,-690.4087311375199
77,2.04466080568581,-8.82518038886885,-688.3640703318347
78,-10.099999999999994,-8.841317345971778,-698.4640703318361
79,-10.099999999999982,-8.85705087914713,-708.5640703318375
80,-6.099999999999994,-8.823013213972475,-714.6640703318388
81,-12.099999999999985,-8.862976467460616,-726.7640703318402
82,5.844660805685807,-8.68577601838656,-720.919409526155
83,-8.099999999999987,-8.67880249435815,-729.0194095261564
84,-12.099999999999985,-8.719051876777465,-741.1194095261578
85,-9.099999999999996,-8.723481506117263,-750.2194095261583
86,-12.699999999999989,-8.769188615242351,-762.9194095261591
87,2.0446608056858118,-8.646303962731805,-760.8747487204744
88,-12.099999999999993,-8.685109536184257,-772.9747487204758
89,7.044660805685808,-8.510334310163477,-765.9300879147903
90,-12.099999999999989,-8.549781185875966,-778.0300879147917
91,6.7446608056858075,-8.383537251185079,-771.2854271091063
92,-6.099999999999994,-8.358983087193842,-777.3854271091077
93,-7.899999999999999,-8.354100288393907,-785.2854271091088
94,5.444660805685808,-8.20885017161412,-779.8407663034233
95,0.044660805685817095,-8.122876098933913,-779.7961054977385
96,-6.099999999999994,-8.102021706161398,-785.8961054977399
97,-16.099999999999987,-8.183633729567916,-801.9961054977413
98,-6.099999999999994,-8.162586924218743,-808.0961054977427
99,-6.099999999999994,-8.141961054976557,-814.196105497744
100,-12.099999999999994,-8.18114955938273,-826.2961054977454
101,-10.09999999999999,-8.199961818604468,-836.3961054977468
102,-10.099999999999987,-8.218408791239376,-846.4961054977482
103,-6.099999999999994,-8.198039475938998,-852.5961054977496
104,-10.099999999999994,-8.21615338569196,-862.696105497751
105,-6.099999999999994,-8.196189674506186,-868.7961054977524
106,-14.099999999999994,-8.251365471940709,-882.8961054977538
107,4.144660805685809,-8.136587450851575,-878.7514446920685
108,7.844660805685808,-7.9899704943695795,-870.9067838863829
109,-12.09999999999999,-8.02733439896622,-883.0067838863843
110,-18.099999999999987,-8.118079134110669,-901.1067838863856
111,-5.255339194314178,-8.092518956076772,-906.3621230807012
112,7.244660805685808,-7.956791701547899,-899.1174622750157
113,-14.099999999999993,-8.010679493639584,-913.217462275017
114,-6.099999999999994,-7.994064889347066,-919.3174622750184
115,-6.099999999999994,-7.977736743749246,-925.4174622750198
116,-16.099999999999987,-8.047157797221475,-941.5174622750212
117,-16.099999999999994,-8.11540222266875,-957.6174622750226
118,-14.099999999999987,-8.165692960293384,-971.717462275024
119,-14.099999999999984,-8.215145518957605,-985.8174622750254
120,-10.099999999999994,-8.230722828718287,-995.9174622750268
121,-10.099999999999985,-8.246044772745186,-1006.0174622750282
122,-11.199999999999992,-8.27006066890173,-1017.2174622750291
123,-10.099999999999987,-8.284818244152522,-1027.3174622750284
124,-6.099999999999994,-8.2673396981993,-1033.417462275023
125,-8.099999999999987,-8.266011605356448,-1041.5174622750174
126,-14.099999999999993,-8.311948521849704,-1055.6174622750118
127,-10.099999999999994,-8.325917674022753,-1065.7174622750063
128,-14.099999999999987,-8.370678002131102,-1079.8174622750007
129,-8.099999999999994,-8.368595863653171,-1087.9174622749952
130,6.944660805685808,-8.251700774574248,-1080.9728014693078
131,-6.099999999999994,-8.235400011130503,-1087.0728014693022
132,-14.09999999999999,-8.279494747888918,-1101.1728014692967
133,-6.099999999999994,-8.263229861710643,-1107.2728014692912
134,-8.099999999999987,-8.262020751623897,-1115.3728014692856
135,-12.09999999999998,-8.29024118727372,-1127.47280146928
136,-10.099999999999994,-8.303451105614787,-1137.5728014692745
137,-10.099999999999993,-8.316469575863955,-1147.672801469269
138,-6.099999999999994,-8.300523751577163,-1153.7728014692634
139,-12.099999999999994,-8.327662867637326,-1165.8728014692579
140,6.644660805685808,-8.221476174918722,-1159.2281406635702
141,6.7446608056858075,-8.116080844069394,-1152.4834798578827
142,-16.099999999999984,-8.17191244655842,-1168.5834798578771
143,-1.2553391943141854,-8.123880687862279,-1169.8388190521878
144,-0.4553391943141847,-8.070994194803326,-1170.2941582464973
145,-14.099999999999984,-8.112288755112893,-1184.3941582464918
146,-18.10000000000001,-8.180232369023688,-1202.4941582464862
147,-8.099999999999994,-8.179690258422175,-1210.5941582464807
148,-6.099999999999994,-8.165732605681088,-1216.6941582464751
149,-8.09999999999999,-8.16529438830988,-1224.7941582464696
150,-18.1,-8.231087140705178,-1242.894158246464
151,-12.099999999999993,-8.256540514779484,-1254.9941582464585
152,-6.099999999999994,-8.242445478735174,-1261.094158246453
153,-14.09999999999998,-8.280481547055075,-1275.1941582464474
154,-8.099999999999993,-8.279317149977299,-1283.2941582464418
155,-18.10000000000001,-8.342270245169752,-1301.3941582464363
156,-6.099999999999994,-8.327988269085868,-1307.4941582464307
157,-18.099999999999984,-8.389836444597982,-1325.5941582464252
158,-6.099999999999994,-8.375434957525037,-1331.6941582464196
159,-12.099999999999987,-8.398713489040507,-1343.794158246414
160,-16.099999999999987,-8.446547566748329,-1359.8941582464086
161,-8.099999999999987,-8.444408384237535,-1367.994158246403
162,-3.3553391943141833,-8.413187100863773,-1371.3494974407117
163,-9.355339194314183,-8.418931930701884,-1380.7048366350205
164,7.744660805685808,-8.320970762602567,-1372.9601758293338
165,-0.09999999999999987,-8.271446842345924,-1373.0601758293328
166,-12.099999999999989,-8.294372310355827,-1385.1601758293273
167,-0.7553391943141872,-8.249497113236533,-1385.9155150236384
168,-8.099999999999994,-8.248612514933358,-1394.0155150236328
169,-10.099999999999989,-8.259503029551396,-1404.1155150236273
170,-6.800000000000001,-8.250967924115423,-1410.9155150236238
171,-8.099999999999994,-8.250090203626378,-1419.0155150236183
172,-14.099999999999993,-8.283904711119867,-1433.1155150236127
173,-22.100000000000016,-8.363307557607683,-1455.2155150236072
174,-16.099999999999984,-8.407517228707068,-1471.3155150236016
175,-6.099999999999994,-8.394406335362142,-1477.415515023596
176,-16.099999999999994,-8.43794076284597,-1493.5155150235905
177,-12.099999999999985,-8.458514129346835,-1505.615515023585
178,-8.099999999999994,-8.456511257115846,-1513.7155150235794
179,-20.10000000000003,-8.521197305687426,-1533.8155150235739
180,-14.099999999999985,-8.552019420020644,-1547.9155150235683
181,-20.1,-8.615469862767783,-1568.0155150235628
182,3.9446608056858086,-8.546835268951098,-1564.0708542178727
183,-6.099999999999994,-8.533537251185058,-1570.1708542178671
184,-6.099999999999994,-8.520382995773247,-1576.2708542178616
185,-8.099999999999989,-8.518122872140056,-1584.370854217856
186,-14.099999999999985,-8.547972482449467,-1598.4708542178505
187,-12.099999999999987,-8.566866245840693,-1610.570854217845
188,-10.099999999999985,-8.574978064645768,-1620.6708542178394
189,-18.10000000000002,-8.625109759042369,-1638.7708542178339
190,-3.4553391943141847,-8.598042897446932,-1642.2261934121425
191,-12.099999999999987,-8.616282257356064,-1654.326193412137
192,4.144660805685809,-8.550163381381752,-1650.1815326064489
193,-6.099999999999994,-8.5375336732303,-1656.2815326064433
194,-6.099999999999994,-8.525033500547067,-1662.3815326064378
195,5.044660805685806,-8.455800366331593,-1657.3368718007487
196,-16.099999999999987,-8.494603410157321,-1673.4368718007431
197,-14.099999999999984,-8.522913493944404,-1687.5368718007376
198,-6.099999999999994,-8.510738049251216,-1693.636871800732
199,3.9446608056858095,-8.44846105497653,-1689.6922109950438
200,-16.099999999999987,-8.486528412911971,-1705.7922109950382
201,-10.099999999999989,-8.494515896016367,-1715.8922109950327
202,-16.099999999999994,-8.531981334952246,-1731.992210995027
203,7.144660805685808,-8.455135049949117,-1724.84755018934
204,3.34466080568581,-8.397575070165532,-1721.502889383653
205,-10.099999999999994,-8.405839268854049,-1731.6028893836474
206,-8.099999999999987,-8.404361784463449,-1739.7028893836418
207,-10.099999999999989,-8.412513891268913,-1749.8028893836363
208,-16.099999999999984,-8.449296121454228,-1765.9028893836307
209,-0.5553391943141897,-8.41170585037261,-1766.458228577942
210,-6.099999999999994,-8.400749898475109,-1772.5582285779365
211,-6.099999999999994,-8.389897304614376,-1778.658228577931
212,-16.099999999999984,-8.42609496985093,-1794.7582285779254
213,4.944660805685807,-8.363614802675523,-1789.8135677722362
214,-20.1,-8.418202640802614,-1809.9135677722306
215,-6.099999999999994,-8.407470221169268,-1816.013567772225
216,-3.799999999999999,-8.386237639504893,-1819.8135677722244
217,-18.099999999999994,-8.430796182442943,-1837.9135677722188
218,-10.099999999999984,-8.43841811768293,-1848.0135677722133
219,6.644660805685808,-8.369858668031254,-1841.3689069665256
220,-8.099999999999994,-8.368637588085411,-1849.46890696652
221,-8.099999999999994,-8.3674275088598,-1857.5689069665145
222,-16.099999999999987,-8.402102721824553,-1873.668906966509
223,-18.10000000000002,-8.445396906102122,-1891.7689069665034
224,2.3446608056858107,-8.397441094049732,-1889.4242461608155
225,-6.099999999999994,-8.387275425491989,-1895.52424616081
226,-12.099999999999989,-8.403631040357663,-1907.6242461608044
227,1.1446608056858114,-8.3617525673487,-1906.4795853551154
228,3.6446608056858096,-8.309322814628025,-1902.834924549425
229,-10.09999999999998,-8.317108367607903,-1912.9349245494195
230,-12.09999999999999,-8.333484521860681,-1925.034924549414
231,-8.099999999999989,-8.332478123059557,-1933.1349245494084
232,-6.099999999999994,-8.322896671887628,-1939.2349245494029
233,3.04466080568581,-8.274317366427912,-1936.1902637437156
234,-18.100000000000016,-8.31612878188992,-1954.29026374371
235,-14.099999999999987,-8.340636710780217,-1968.3902637437045
236,-10.099999999999989,-8.348060184574393,-1978.490263743699
237,-6.099999999999994,-8.338614553546769,-1984.5902637436934
238,-10.099999999999994,-8.345984367130255,-1994.6902637436879
239,-12.099999999999982,-8.361626098933879,-2006.7902637436823
240,-14.099999999999985,-8.38543677902129,-2020.8902637436768
241,7.244660805685808,-8.320849598919194,-2013.6456029379897
242,-6.099999999999994,-8.311710300158209,-2019.7456029379841
243,-18.1,-8.351826241551004,-2037.8456029379786
244,6.7446608056858075,-8.290207927072487,-2031.100942132291
245,-0.8553391943141815,-8.259984883443387,-2031.9562813266002
246,-14.099999999999994,-8.283628669340377,-2046.0562813265947
247,-14.099999999999993,-8.307081779544651,-2060.156281326589
248,-10.099999999999994,-8.314282254325596,-2070.2562813265836
249,-16.099999999999984,-8.345425125308292,-2086.356281326578
250,-10.09999999999999,-8.352415463454475,-2096.4562813265725
251,7.344660805685808,-8.290125478259474,-2089.1116205208855
252,-2.8000000000000003,-8.268425377554893,-2091.911620520884
253,-8.099999999999994,-8.267762285517273,-2100.0116205208783
254,-12.099999999999989,-8.282790668711323,-2112.1116205208727
255,-10.099999999999987,-8.28988914266167,-2122.211620520867
256,6.2446608056858075,-8.233334473601952,-2115.966959715179
257,-14.099999999999985,-8.25607348727016,-2130.0669597151737
258,-6.099999999999994,-8.247748879211203,-2136.166959715168
259,-6.099999999999994,-8.239488306598851,-2142.2669597151626
260,-2.8553391943141744,-8.218859382796994,-2145.1222989094717
261,-8.099999999999994,-8.218405721030594,-2153.222298909466
262,7.644660805685808,-8.158089878723688,-2145.5776381037795
263,-6.099999999999994,-8.150294083728522,-2151.677638103774
264,-6.099999999999994,-8.142557124921998,-2157.7776381037684
265,-6.099999999999994,-8.13487833873808,-2163.877638103763
266,-14.09999999999998,-8.157219618368275,-2177.9776381037573
267,-10.099999999999994,-8.16446879889675,-2188.0776381037517
268,-14.099999999999982,-8.186533970648064,-2202.177638103746
269,-14.09999999999999,-8.2084356966827,-2216.2776381037406
270,-8.099999999999994,-8.208035564960623,-2224.377638103735
271,-6.099999999999994,-8.20028543420709,-2230.4776381037295
272,-6.099999999999994,-8.192592080968238,-2236.577638103724
273,-12.099999999999984,-8.206852693811419,-2248.6776381037184
274,-14.099999999999994,-8.228282320379376,-2262.777638103713
275,1.6446608056858185,-8.192510787313923,-2261.1329772980225
276,-10.099999999999994,-8.199397029958998,-2271.232977298017
277,-12.099999999999987,-8.213427975894398,-2283.3329772980114
278,-8.099999999999987,-8.21302142400947,-2291.432977298006
279,-8.099999999999987,-8.21261777606658,-2299.5329772980003
280,-8.099999999999994,-8.212217001062784,-2307.632977297995
281,-14.099999999999985,-8.233095664179583,-2321.7329772979892
282,-10.099999999999994,-8.239692499288488,-2331.8329772979837
283,-12.099999999999994,-8.253285131333246,-2343.932977297978
284,-10.099999999999994,-8.259764832626814,-2354.0329772979726
285,-10.099999999999994,-8.266199221323923,-2364.132977297967
286,-6.099999999999994,-8.258651488845441,-2370.2329772979615
287,-6.099999999999994,-8.25115617117584,-2376.332977297956
288,-10.099999999999984,-8.25755355466658,-2386.4329772979504
289,0.9446608056858175,-8.225821781010191,-2385.488316492261
290,2.0446608056858144,-8.190528026416734,-2383.443655686573
291,-14.099999999999982,-8.210765944134485,-2397.5436556865675
292,-14.09999999999999,-8.230865719069179,-2411.643655686562
293,-8.099999999999985,-8.230420597575746,-2419.7436556865564
294,-12.099999999999987,-8.243537815889049,-2431.843655686551
295,-12.099999999999993,-8.256566404348883,-2443.9436556865453
296,-14.099999999999984,-8.2762412649403,-2458.0436556865398
297,-12.099999999999987,-8.289072670091507,-2470.143655686534
298,-20.10000000000001,-8.328574099288526,-2490.2436556865287
299,7.144660805685808,-8.276996649605277,-2483.0989948808415
300,-10.099999999999993,-8.283053139141472,-2493.198994880836
301,7.644660805685808,-8.230312364489725,-2485.554334075149
302,-12.099999999999994,-8.243083610811542,-2497.6543340751437
303,-8.099999999999987,-8.242612941039136,-2505.754334075138
304,-12.099999999999985,-8.255260111724253,-2517.8543340751326
305,-12.099999999999987,-8.267824621163061,-2529.954334075127
306,-10.099999999999994,-8.273792619139728,-2540.0543340751215
307,-1.1553391943141875,-8.250680757370816,-2541.209673269432
308,-12.099999999999994,-8.263138101198095,-2553.3096732694266
309,-12.099999999999987,-8.275515075065197,-2565.409673269421
310,-12.099999999999985,-8.287812454245051,-2577.5096732694155
311,-10.099999999999985,-8.293620747660933,-2587.60967326941
312,-12.09999999999999,-8.305781703738692,-2599.7096732694044
313,-12.099999999999987,-8.317865201497487,-2611.809673269399
314,-12.099999999999987,-8.32987197863559,-2623.9096732693934
315,-8.099999999999994,-8.329144535665224,-2632.009673269388
316,-12.099999999999982,-8.341039978770379,-2644.1096732693823
317,-12.099999999999993,-8.352860607767957,-2656.2096732693767
318,1.7446608056858182,-8.321206935625469,-2654.4650124636864
319,-22.10000000000003,-8.364265663951638,-2676.565012463681
320,-10.099999999999994,-8.369672936026555,-2686.6650124636753
321,-16.099999999999994,-8.393680162933306,-2702.76501246367
322,-10.099999999999987,-8.398962886887071,-2712.8650124636642
323,-10.099999999999994,-8.404213001433716,-2722.9650124636587
324,-12.099999999999994,-8.415584653736996,-2735.065012463653
325,6.644660805685808,-8.369387581775577,-2728.4203516579655
326,-12.099999999999987,-8.38079618244293,-2740.52035165796
327,-6.099999999999994,-8.373842535545238,-2746.6203516579544
328,-5.199999999999999,-8.364195597747228,-2751.8203516579524
329,-10.099999999999994,-8.369455611087387,-2761.920351657947
330,-10.099999999999984,-8.3746838418696,-2772.0203516579413
331,-10.099999999999993,-8.379880577285656,-2782.1203516579358
332,-3.555339194314179,-8.36539246502448,-2785.675690852246
333,-8.099999999999994,-8.364597876805842,-2793.7756908522406
334,-8.099999999999994,-8.363808032397467,-2801.875690852235
335,-10.099999999999985,-8.368975270396284,-2811.9756908522295
336,-16.099999999999987,-8.391915996596888,-2828.075690852224
337,7.144660805685808,-8.34594979303984,-2820.9310300465368
338,-6.899999999999999,-8.341684454417303,-2827.831030046535
339,-6.099999999999994,-8.335091264845486,-2833.9310300465295
340,-10.099999999999987,-8.340266950285821,-2844.031030046524
341,4.144660805685808,-8.303761313572455,-2839.886369240834
342,-22.10000000000001,-8.343983583795275,-2861.9863692408285
343,-14.09999999999998,-8.360716189656335,-2876.086369240823
344,-14.099999999999982,-8.377351794903708,-2890.1863692408174
345,-16.099999999999987,-8.399671587403986,-2906.286369240812
346,-2.25533919431418,-8.381964577625629,-2908.5417084351216
347,-6.099999999999994,-8.375407208149694,-2914.641708435116
348,-14.099999999999987,-8.391810052825482,-2928.7417084351105
349,-22.100000000000023,-8.430976309817408,-2950.841708435105
350,-6.099999999999994,-8.42433535166978,-2956.9417084350994
351,-6.099999999999994,-8.417732126238901,-2963.041708435094
352,-10.099999999999982,-8.422497757609328,-2973.1417084350883
353,-6.099999999999994,-8.415937029480489,-2979.2417084350827
354,-6.099999999999994,-8.40941326320026,-2985.341708435077
355,-12.099999999999982,-8.419780079876665,-2997.4417084350716
356,-10.099999999999993,-8.42448657825236,-3007.541708435066
357,-10.099999999999985,-8.42916678334104,-3017.6417084350605
358,-12.099999999999985,-8.439391945504436,-3029.741708435055
359,-14.09999999999998,-8.455115856766923,-3043.8417084350494
360,-10.099999999999987,-8.459672322537651,-3053.941708435044
361,-14.099999999999994,-8.475253338221249,-3068.0417084350383
362,-10.099999999999987,-8.47972922434185,-3078.141708435033
363,6.544660805685808,-8.43845342755606,-3071.597047629345
364,-10.09999999999999,-8.443005609946317,-3081.6970476293395
365,-10.099999999999994,-8.447532917022967,-3091.797047629334
366,-6.099999999999994,-8.441136369565138,-3097.8970476293284
367,-8.099999999999994,-8.440209368560884,-3105.997047629323
368,-14.099999999999985,-8.455547554553945,-3120.0970476293173
369,-6.099999999999994,-8.449181209811906,-3126.197047629312
370,-18.099999999999998,-8.475194198464704,-3144.2970476293062
371,-8.099999999999994,-8.474185611909691,-3152.3970476293007
372,1.4446608056858103,-8.447593530361178,-3150.95238682361
373,-10.099999999999985,-8.452011729477858,-3161.0523868236046
374,7.544660805685808,-8.409353936050755,-3153.507726017918
375,-12.09999999999999,-8.419169484093173,-3165.6077260179122
376,-8.099999999999989,-8.418322880687091,-3173.7077260179067
377,-10.099999999999994,-8.422771761955113,-3183.807726017901
378,-8.099999999999994,-8.42192012142225,-3191.9077260178956
379,4.544660805685807,-8.387797540035123,-3187.363065212208
380,-3.6553391943141786,-8.37537638952142,-3191.018404406518
381,-16.099999999999987,-8.395597917297543,-3207.1184044065126
382,-0.45533919431418823,-8.37486617128453,-3207.573743600822
383,7.844660805685808,-8.332627819782005,-3199.7290827951356
384,-18.100000000000016,-8.3579976176527,-3217.82908279513
385,7.144660805685808,-8.317835290131098,-3210.684421989443
386,-10.099999999999982,-8.322440366900786,-3220.7844219894373
387,-14.099999999999994,-8.337330984511865,-3234.8844219894318
388,-14.099999999999984,-8.352145043677645,-3248.984421989426
389,-14.099999999999985,-8.366883133309239,-3263.0844219894207
390,-10.099999999999985,-8.37131565726497,-3273.184421989415
391,-18.099999999999998,-8.396133729567865,-3291.2844219894096
392,-14.09999999999998,-8.410647384200008,-3305.384421989404
393,-10.099999999999993,-8.414935081194423,-3315.4844219893985
394,-14.099999999999987,-8.429327650609121,-3329.584421989393
395,0.6446608056858167,-8.40641353834575,-3328.9397611837035
396,-14.099999999999982,-8.42075506595697,-3343.039761183698
397,1.7446608056858146,-8.39521382004832,-3341.2951003780076
398,-10.099999999999994,-8.399486467115867,-3351.395100378002
399,-10.099999999999985,-8.403737750948078,-3361.4951003779966
400,-12.099999999999994,-8.412955362541723,-3373.595100377991
401,-6.099999999999994,-8.407201742236893,-3379.6951003779855
402,-10.099999999999985,-8.41140223419164,-3389.79510037798
403,-20.1,-8.440334406879284,-3409.8951003779744
404,-12.099999999999987,-8.449370618220323,-3421.995100377969
405,-18.1,-8.473140641328154,-3440.0951003779633
406,-10.099999999999994,-8.477137838769607,-3450.1951003779577
407,-10.09999999999998,-8.481115442105956,-3460.295100377952
408,-12.099999999999993,-8.489963570609365,-3472.3951003779466
409,-14.099999999999984,-8.503646586290806,-3486.495100377941
410,-9.399999999999999,-8.505827494839977,-3495.895100377939
411,-12.099999999999985,-8.514551214512695,-3507.9951003779333
412,-8.099999999999987,-8.513547458545352,-3516.095100377928
413,-10.099999999999985,-8.517379469515049,-3526.1951003779222
414,3.544660805685808,-8.488314312225407,-3522.6504395722336
415,-10.099999999999984,-8.492188556667173,-3532.750439572228
416,-14.09999999999999,-8.505636545739915,-3546.8504395722225
417,-0.5553391943141897,-8.486616695616885,-3547.405778766532
418,-8.099999999999994,-8.485693982739518,-3555.5057787665264
419,-6.099999999999994,-8.48001375897109,-3561.605778766521
420,-10.099999999999987,-8.483861707287073,-3571.7057787665153
421,-16.099999999999984,-8.501909428359852,-3587.80577876651
422,-10.09999999999998,-8.505687420254983,-3597.905778766504
423,-8.09999999999999,-8.50473061030155,-3606.0057787664987
424,-18.099999999999994,-8.5273077147479,-3624.105778766493
425,-14.099999999999993,-8.540389152037223,-3638.2057787664876
426,-10.099999999999987,-8.544041636458681,-3648.305778766482
427,-14.099999999999984,-8.55702284758845,-3662.4057787664765
428,-12.099999999999982,-8.56528153558941,-3674.505778766471
429,-10.099999999999994,-8.568850648297342,-3684.6057787664654
430,-10.099999999999994,-8.572403198997348,-3694.70577876646
431,-24.10000000000001,-8.60834671011078,-3718.8057787664543
432,-12.099999999999985,-8.616410574521609,-3730.9057787664487
433,-13.399999999999995,-8.62743266997202,-3744.3057787664447
434,-18.09999999999999,-8.649208686822659,-3762.405778766439
435,6.944660805685808,-8.613442931105896,-3755.461117960752
436,-10.09999999999999,-8.616844663528994,-3765.5611179607463
437,-14.099999999999994,-8.629363283018654,-3779.6611179607407
438,-14.099999999999982,-8.64182487007328,-3793.761117960735
439,-12.099999999999994,-8.649684359004933,-3805.8611179607296
440,-22.099999999999987,-8.680183940957303,-3827.961117960724
441,-14.099999999999987,-8.692445968240204,-3842.0611179607185
442,-8.099999999999987,-8.691108618424764,-3850.161117960713
443,-8.099999999999994,-8.68977729270759,-3858.2611179607075
444,-10.099999999999987,-8.692946332499258,-3868.361117960702
445,5.244660805685807,-8.661696092279112,-3863.116457155013
446,-12.099999999999985,-8.669388047329942,-3875.2164571550074
447,-10.099999999999987,-8.672581377581437,-3885.316457155002
448,-12.099999999999985,-8.68021482662914,-3897.4164571549964
449,7.644660805685808,-8.643937325223996,-3889.7717963493096
450,3.7446608056858093,-8.616468149767433,-3886.0271355436194
451,-6.099999999999994,-8.610900742356442,-3892.127135543614
452,-20.100000000000023,-8.636262992373316,-3912.2271355436083
453,-14.099999999999985,-8.64829765538571,-3926.3271355436027
454,-18.099999999999984,-8.669070627571674,-3944.427135543597
455,-14.099999999999985,-8.680980560405947,-3958.5271355435916
456,4.444660805685808,-8.652259244506402,-3954.082474737904
457,-8.099999999999989,-8.651053438295689,-3962.1824747378982
458,-10.099999999999987,-8.654210184617485,-3972.2824747378927
459,5.444660805685807,-8.623560465073346,-3966.837813932204
460,-8.099999999999985,-8.622424759075358,-3974.9378139321984
461,-20.100000000000023,-8.647267995527574,-3995.037813932193
462,-12.099999999999982,-8.65472530007287,-4007.1378139321873
463,-0.2553391943141907,-8.636623174844944,-4007.393153126497
464,-12.099999999999985,-8.644071297049578,-4019.4931531264915
465,-6.099999999999994,-8.638611916583805,-4025.593153126486
466,-12.099999999999989,-8.646023882501185,-4037.6931531264804
467,-12.099999999999989,-8.653404173350541,-4049.793153126475
468,0.7446608056858146,-8.633365655271573,-4049.0484923207855
469,-10.09999999999999,-8.636486153877378,-4059.14849232078
470,-16.09999999999999,-8.652332255461502,-4075.2484923207744
471,-10.099999999999994,-8.655399348140609,-4085.348492320769
472,6.144660805685808,-8.624109580373533,-4079.2038315150808
473,0.3446608056858125,-8.60518812386286,-4078.859170709393
474,-20.099999999999994,-8.629387727812622,-4098.9591707093905
475,-22.10000000000002,-8.657687333426463,-4121.059170709413
476,-14.099999999999989,-8.669096793943389,-4135.159170709435
477,7.344660805685808,-8.635595209006926,-4127.814509903754
478,3.844660805685809,-8.60954039478001,-4123.969849098085
479,-8.099999999999989,-8.608478852290887,-4132.069849098108
480,7.544660805685808,-8.574896441359543,-4124.525188292426
481,-8.099999999999994,-8.573911179033072,-4132.625188292448
482,-12.099999999999989,-8.58121156996675,-4144.72518829247
483,-10.099999999999987,-8.584349562590788,-4154.825188292492
484,-6.099999999999994,-8.579227192358642,-4160.925188292515
485,0.6446608056858159,-8.560247998947029,-4160.280527486843
486,-10.099999999999989,-8.563409707368082,-4170.3805274868655
487,3.3446608056858116,-8.539007923529857,-4167.035866681192
488,-8.099999999999994,-8.538110156815073,-4175.135866681214
489,4.544660805685806,-8.511410624238541,-4170.591205875543
490,2.34466080568581,-8.48930049912668,-4168.246545069873
491,-12.099999999999984,-8.496639319250407,-4180.346545069895
492,-8.099999999999993,-8.49583477702069,-4188.446545069917
493,-10.099999999999987,-8.499082075042917,-4198.546545069939
494,1.5446608056858082,-8.478791685384879,-4197.001884264265
495,-6.099999999999994,-8.473995734406282,-4203.101884264287
496,-6.099999999999994,-8.469219083029207,-4209.201884264309
497,-0.0553391943141861,-8.45232374188721,-4209.2572234586405
498,4.444660805685808,-8.426478081471231,-4204.812562652963
499,5.944660805685807,-8.397735803696916,-4198.867901847287
500,-6.099999999999994,-8.393149504687543,-4204.967901847309
501,0.5446608056858189,-8.37534510167883,-4204.423241041638
502,-6.099999999999994,-8.370821552768934,-4210.52324104166
503,-10.099999999999985,-8.374252462386456,-4220.623241041682
504,-6.099999999999994,-8.36974899216391,-4226.723241041705
505,-10.099999999999987,-8.373168460558842,-4236.823241041727
506,1.8446608056858134,-8.353014951157967,-4234.978580236051
507,-12.099999999999987,-8.360390905978521,-4247.078580236073
508,-10.099999999999994,-8.36380860557385,-4257.1785802360955
509,6.944660805685808,-8.333791998885106,-4250.233919430416
510,4.644660805685806,-8.308393852496513,-4245.589258624745
511,-6.099999999999994,-8.304080583253356,-4251.689258624767
512,-18.09999999999999,-8.323175942740193,-4269.789258624789
513,-10.099999999999994,-8.326632798882722,-4279.889258624811
514,-16.099999999999984,-8.341726715778096,-4295.989258624833
515,-12.099999999999982,-8.349010191135115,-4308.089258624856
516,-16.09999999999999,-8.364002434479149,-4324.189258624878
517,-10.099999999999993,-8.367353781130735,-4334.2892586249
518,-6.099999999999994,-8.362985084057266,-4340.389258624922
519,-10.099999999999987,-8.366325497357156,-4350.489258624944
520,-12.099999999999982,-8.373491859166451,-4362.5892586249665
521,-18.099999999999998,-8.392125016524371,-4380.689258624989
522,-8.099999999999994,-8.391566460087423,-4388.789258625011
523,-16.099999999999987,-8.406277211117791,-4404.889258625033
524,-6.099999999999994,-8.401884302144234,-4410.989258625055
525,-12.099999999999985,-8.408914940353085,-4423.0892586250775
526,7.244660805685808,-8.37921176056933,-4415.844597819397
527,-10.099999999999994,-8.382470829204616,-4425.944597819419
528,-10.099999999999985,-8.385717576219353,-4436.044597819441
529,-8.099999999999994,-8.385178486452903,-4444.144597819463
530,-3.6553391943141786,-8.37627106782364,-4447.799937013793
531,-1.1553391943141733,-8.362697887610276,-4448.955276208128
532,-6.099999999999994,-8.358452675813634,-4455.055276208151
533,-12.09999999999999,-8.365459318742824,-4467.155276208173
534,-14.099999999999987,-8.376178086371342,-4481.255276208195
535,-1.7553391943141836,-8.363825775005562,-4483.010615402525
536,-12.099999999999985,-8.370783268906857,-4495.110615402547
537,-10.099999999999982,-8.373997426399596,-4505.21061540257
538,-16.099999999999987,-8.388331382936888,-4521.310615402592
539,-6.099999999999994,-8.384093732227747,-4527.410615402614
540,-14.099999999999985,-8.394659178194054,-4541.510615402636
541,-16.09999999999998,-8.408875674175247,-4557.610615402658
542,-8.099999999999994,-8.408306842362771,-4565.710615402681
543,-20.100000000000023,-8.429798925373134,-4585.810615402703
544,-18.100000000000005,-8.44754241358346,-4603.910615402725
545,-8.099999999999994,-8.446905889016456,-4612.010615402747
546,-10.099999999999994,-8.449927998908567,-4622.110615402769
547,1.7446608056858146,-8.431324734666605,-4620.365954597094
548,-14.09999999999998,-8.441650190523315,-4634.465954597116
549,-8.099999999999989,-8.441029008358727,-4642.565954597138
550,4.144660805685808,-8.418187466046488,-4638.421293791469
551,-4.955339194314176,-8.4119141901919,-4643.376632985804
552,-16.099999999999994,-8.425816696177087,-4659.476632985826
553,-14.09999999999999,-8.436058904306732,-4673.576632985848
554,-10.099999999999985,-8.439056996371045,-4683.67663298587
555,-12.099999999999994,-8.445641426233689,-4695.776632985892
556,-26.100000000000016,-8.4773368635295,-4721.8766329859145
557,-12.099999999999994,-8.483829091372638,-4733.976632985937
558,-14.099999999999989,-8.493875908740486,-4748.076632985959
559,-10.099999999999994,-8.49674398747488,-4758.176632985981
560,-6.099999999999994,-8.492471716552464,-4764.276632986003
561,-14.099999999999985,-8.502449524886002,-4778.3766329860255
562,-12.099999999999982,-8.50883949020592,-4790.476632986048
563,-8.099999999999994,-8.50811459749279,-4798.57663298607
564,3.0446608056858127,-8.487667207398669,-4795.531972180397
565,-6.099999999999994,-8.483448714099378,-4801.631972180419
566,-10.09999999999998,-8.486299774568339,-4811.7319721804415
567,-10.099999999999984,-8.489140796091988,-4821.831972180464
568,-8.099999999999994,-8.48845689311116,-4829.931972180486
569,-16.099999999999987,-8.50181047750921,-4846.031972180508
570,-10.099999999999984,-8.504609408371717,-4856.13197218053
571,-6.099999999999994,-8.500405545769668,-4862.2319721805525
572,-1.25533919431418,-8.48776145091547,-4863.487311374888
573,-14.099999999999987,-8.497538869990532,-4877.58731137491
574,-10.099999999999993,-8.500325758912288,-4887.6873113749325
575,-6.099999999999994,-8.496158526691953,-4893.787311374955
576,-5.255339194314178,-8.490541855405336,-4899.04265056929
577,7.444660805685809,-8.462972300628362,-4891.597989763609
578,-10.099999999999982,-8.465799636896708,-4901.697989763631
579,-6.099999999999994,-8.461720672005507,-4907.797989763653
580,-8.099999999999987,-8.461098089093278,-4915.8979897636755
581,-8.09999999999999,-8.460477645641229,-4923.997989763698
582,-14.099999999999989,-8.470150925837384,-4938.09798976372
583,-14.099999999999987,-8.479791078361636,-4952.197989763742
584,2.344660805685815,-8.461287741807709,-4949.853328958072
585,-8.099999999999985,-8.460671209825103,-4957.953328958094
586,-12.099999999999989,-8.466871088513647,-4970.053328958116
587,-12.099999999999985,-8.47304987917944,-4982.153328958138
588,-10.099999999999989,-8.475812103493228,-4992.253328958161
589,-0.6553391943141769,-8.46255706466411,-4992.908668152494
590,-1.655339194314184,-8.451038929519695,-4994.564007346824
591,-16.099999999999984,-8.463959471868481,-5010.664007346846
592,-10.099999999999994,-8.46671839350108,-5020.764007346868
593,-12.099999999999984,-8.472835029202258,-5032.8640073468905
594,-8.099999999999989,-8.4722084157078,-5040.964007346913
595,-2.5553391943141825,-8.462280782786,-5043.519346541246
596,-10.099999999999987,-8.46502403105604,-5053.619346541268
597,-12.09999999999999,-8.471102586188055,-5065.71934654129
598,7.544660805685808,-8.444365084699117,-5058.174685735608
599,-16.09999999999999,-8.45712447622462,-5074.274685735631
600,2.6446608056858123,-8.438652287735582,-5071.630024929952
601,2.244660805685811,-8.420905920470762,-5069.385364124282
602,7.244660805685808,-8.394926539498694,-5062.1407033186015
603,-8.099999999999993,-8.394438250526015,-5070.240703318624
604,4.644660805685807,-8.372886020681037,-5065.596042512945
605,-8.099999999999987,-8.372435713716218,-5073.696042512967
606,-12.099999999999982,-8.378576676296587,-5085.7960425129895
607,-14.099999999999984,-8.387986912026363,-5099.896042513012
608,-8.099999999999994,-8.387514027113347,-5107.996042513034
609,-8.099999999999987,-8.387042692642671,-5116.096042513056
610,-8.099999999999994,-8.386572901001685,-5124.196042513078
611,-14.099999999999978,-8.395908566196127,-5138.2960425131005
612,-14.099999999999994,-8.405213772450294,-5152.396042513123
613,-8.099999999999994,-8.404716681615685,-5160.496042513145
614,-8.099999999999993,-8.404221207336636,-5168.596042513167
615,-6.099999999999994,-8.400480588493558,-5174.696042513189
616,-12.099999999999985,-8.406476568090813,-5186.796042513211
617,4.2446608056858075,-8.386005472016741,-5182.551381707542
618,-20.100000000000016,-8.40492953425904,-5202.651381707564
619,7.744660805685808,-8.37888180790429,-5194.906720901881
620,-10.099999999999987,-8.381653334783671,-5205.0067209019035
621,-16.099999999999987,-8.394062252251866,-5221.106720901926
622,-10.099999999999989,-8.396800515089343,-5231.206720901948
623,-6.099999999999994,-8.393119745033111,-5237.30672090197
624,-6.099999999999994,-8.389450753441059,-5243.406720901992
625,-6.099999999999994,-8.385793483866872,-5249.506720902014
626,-14.09999999999999,-8.394907050878249,-5263.606720902037
627,-10.099999999999994,-8.397622167039271,-5273.706720902059
628,-12.099999999999985,-8.40350830031902,-5285.806720902081
629,7.544660805685808,-8.378193746182504,-5278.262060096399
630,-6.099999999999994,-8.374583296505511,-5284.362060096421
631,-14.099999999999984,-8.383642500150282,-5298.462060096444
632,-6.099999999999994,-8.380034850071057,-5304.562060096466
633,-8.09999999999999,-8.379593154723942,-5312.662060096488
634,-8.099999999999994,-8.379152850543274,-5320.76206009651
635,-6.099999999999994,-8.375569276878899,-5326.862060096532
636,-16.09999999999998,-8.387695541750361,-5342.9620600965545
637,-16.099999999999984,-8.39978379325232,-5359.062060096577
638,-10.099999999999994,-8.402444538489798,-5369.162060096599
639,7.444660805685809,-8.377683436389523,-5361.7173992909175
640,-12.099999999999994,-8.3834904825106,-5373.81739929094
641,-20.1,-8.401740497335352,-5393.917399290962
642,-12.099999999999987,-8.407492067323943,-5406.017399290984
643,-11.599999999999993,-8.41244937777841,-5417.617399291001
644,-6.099999999999994,-8.408864184944646,-5423.717399291023
645,-14.099999999999987,-8.41767399270789,-5437.817399291045
646,-6.099999999999994,-8.414091807247756,-5443.917399291067
647,-14.09999999999999,-8.422866356927928,-5458.0173992910895
648,-10.099999999999994,-8.425450538196145,-5468.117399291112
649,1.54466080568581,-8.410111905359404,-5466.572738485437
650,7.644660805685808,-8.385450196125849,-5458.928077679755
651,-10.099999999999994,-8.388079873739152,-5469.028077679777
652,-8.099999999999985,-8.387638710073396,-5477.128077679799
653,-12.099999999999989,-8.39331510348307,-5489.228077679822
654,-8.099999999999994,-8.392867294164777,-5497.328077679844
655,-0.35533919431418504,-8.380614964744272,-5497.683416874169
656,7.544660805685808,-8.356375580009981,-5490.138756068487
657,4.7446608056858075,-8.336465190366065,-5485.394095262808
658,-8.099999999999987,-8.336106366101474,-5493.49409526283
659,4.144660805685808,-8.317196112810887,-5489.349434457161
660,6.544660805685808,-8.294712214295764,-5482.804773651483
661,-6.099999999999994,-8.291396939047583,-5488.904773651505
662,-14.09999999999998,-8.300158029637256,-5503.004773651527
663,-16.099999999999987,-8.311904779592622,-5519.104773651549
664,-20.099999999999987,-8.329631238570679,-5539.2047736515715
665,-10.099999999999987,-8.332289449924177,-5549.304773651594
666,-14.099999999999984,-8.340936692128189,-5563.404773651616
667,-14.099999999999984,-8.349558044385484,-5577.504773651638
668,-2.5,-8.340814310387897,-5580.0047736516435
669,-10.999999999999995,-8.344783244252989,-5591.004773651665
670,2.2446608056858146,-8.329001658485568,-5588.760112845988
671,-8.099999999999987,-8.32866088220806,-5596.86011284601
672,-8.099999999999994,-8.328321118638659,-5604.960112846033
673,-6.099999999999994,-8.325015004219313,-5611.060112846055
674,-8.755339194314182,-8.325652521537972,-5619.815452040389
675,-8.099999999999987,-8.32531871603274,-5627.915452040411
676,-6.099999999999994,-8.322031686910092,-5634.015452040433
677,-16.09999999999999,-8.333503616575417,-5650.115452040455
678,-6.099999999999994,-8.330214215078252,-5656.215452040477
679,-16.09999999999999,-8.341640370644313,-5672.3154520405
680,-8.099999999999994,-8.341285538969359,-5680.415452040522
681,-18.099999999999994,-8.355594504454741,-5698.515452040544
682,-5.055339194314184,-8.350762505464784,-5703.570791234879
683,-10.099999999999993,-8.353319870222878,-5713.670791234901
684,-12.09999999999999,-8.358789476251749,-5725.770791234923
685,-2.8000000000000007,-8.350686284595406,-5728.57079123493
686,-6.099999999999994,-8.347410176466447,-5734.670791234952
687,6.144660805685808,-8.326346119806342,-5728.526130429275
688,3.9446608056858086,-8.308536240378922,-5724.581469623607
689,-8.099999999999987,-8.30823401394359,-5732.681469623629
690,-14.09999999999999,-8.316615730276524,-5746.781469623651
691,-12.099999999999987,-8.322083048585373,-5758.881469623673
692,-10.099999999999989,-8.324648585311802,-5768.981469623695
693,-2.700000000000001,-8.31654390435314,-5771.681469623702
694,7.544660805685808,-8.293722027072508,-5764.13680881802
695,-16.099999999999984,-8.304937943700278,-5780.236808818042
696,-8.099999999999987,-8.304643915086649,-5788.336808818064
697,-12.099999999999987,-8.31008138798767,-5800.436808818086
698,-26.10000000000001,-8.335531915329605,-5826.5368088181085
699,-14.09999999999999,-8.343766869736278,-5840.636808818131
700,-6.099999999999994,-8.340566061077597,-5846.736808818153
701,-8.099999999999994,-8.340223374380905,-5854.836808818175
702,6.044660805685807,-8.319761234722206,-5848.792148012499
703,-8.099999999999994,-8.31944907387743,-5856.892148012521
704,-24.10000000000001,-8.341832834056328,-5880.992148012543
705,-12.099999999999989,-8.347156017010922,-5893.092148012565
706,7.044660805685808,-8.32538541330131,-5886.047487206885
707,7.044660805685808,-8.303676308472232,-5879.002826401205
708,-12.09999999999999,-8.309030784764937,-5891.1028264012275
709,-6.099999999999994,-8.305919473800481,-5897.20282640125
710,-0.05533919431418255,-8.294315282127505,-5897.258165595581
711,-10.099999999999984,-8.29685135616946,-5907.358165595603
712,-10.099999999999987,-8.299380316399237,-5917.458165595625
713,-8.099999999999993,-8.299101072258622,-5925.558165595648
714,-14.099999999999994,-8.307214217612108,-5939.65816559567
715,4.944660805685807,-8.288706012272305,-5934.713504789997
716,-14.099999999999985,-8.296811024807491,-5948.81350479002
717,-10.099999999999994,-8.29932243006542,-5958.913504790042
718,-12.09999999999998,-8.304608490663382,-5971.013504790064
719,-14.09999999999999,-8.312657645537461,-5985.113504790086
720,-8.099999999999985,-8.312362697346702,-5993.213504790108
721,-12.099999999999982,-8.317608732391928,-6005.3135047901305
722,-6.099999999999994,-8.31454150039692,-6011.413504790153
723,-6.099999999999994,-8.311482741418471,-6017.513504790175
724,-10.09999999999999,-8.313949661775137,-6027.613504790197
725,-10.099999999999987,-8.316409786207954,-6037.713504790219
726,-6.099999999999994,-8.313361079486898,-6043.8135047902415
727,-6.099999999999994,-8.310320748333757,-6049.913504790264
728,-10.09999999999999,-8.312775726731104,-6060.013504790286
729,7.644660805685808,-8.290916224631903,-6052.368843984604
730,-12.099999999999985,-8.296127009550329,-6064.468843984626
731,-6.099999999999994,-8.293126836040013,-6070.568843984648
732,-14.099999999999987,-8.301048900383753,-6084.66884398467
733,-2.0553391943141843,-8.29253975909483,-6086.724183178994
734,-14.099999999999985,-8.30044106554504,-6100.8241831790165
735,-14.099999999999993,-8.308320901053811,-6114.924183179039
736,1.2446608056858173,-8.295358917733948,-6113.679522373365
737,-8.099999999999994,-8.295094203753278,-6121.779522373387
738,-14.099999999999987,-8.302949286021542,-6135.87952237341
739,-6.099999999999994,-8.29997232752692,-6141.979522373432
740,-8.099999999999989,-8.299702459338624,-6150.079522373454
741,-12.099999999999985,-8.30482415413736,-6162.179522373476
742,-14.09999999999998,-8.312623852449423,-6176.279522373498
743,-14.099999999999984,-8.320402583830539,-6190.379522373521
744,-10.099999999999985,-8.322791305194526,-6200.479522373543
745,-8.099999999999994,-8.322492657332337,-6208.579522373565
746,-6.099999999999994,-8.319517432891463,-6214.679522373587
747,-6.099999999999994,-8.316550163596155,-6220.779522373609
748,-10.099999999999994,-8.318931271521928,-6230.8795223736315
749,-10.099999999999994,-8.321306029826566,-6240.979522373654
750,-24.099999999999994,-8.342316274793507,-6265.079522373676
751,7.844660805685808,-8.320791039314146,-6257.234861567993
752,7.844660805685808,-8.29932297577497,-6249.39020076231
753,7.644660805685808,-8.278177108690805,-6241.745539956628
754,-10.099999999999987,-8.280590119142872,-6251.84553995665
755,-14.099999999999985,-8.288287751260407,-6265.945539956672
756,-8.099999999999994,-8.288039022394805,-6274.0455399566945
757,-14.099999999999987,-8.295706517088217,-6288.145539956717
758,-6.099999999999994,-8.29281362312631,-6294.245539956739
759,-12.099999999999989,-8.297823078885354,-6306.345539956761
760,-10.099999999999985,-8.300191248295492,-6316.445539956783
761,6.7446608056858075,-8.280447347962182,-6309.700879151104
762,1.7446608056858173,-8.267308280919394,-6307.956218345436
763,-6.099999999999994,-8.264471489975783,-6314.056218345459
764,-10.09999999999998,-8.266870873649017,-6324.156218345481
765,-12.099999999999987,-8.271874958670363,-6336.256218345503
766,-10.099999999999987,-8.27425843330052,-6346.356218345525
767,-16.099999999999987,-8.284448200965494,-6362.456218345547
768,3.544660805685811,-8.269065744519914,-6358.911557539873
769,3.5446608056858118,-8.253723242506661,-6355.366896734198
770,-14.099999999999989,-8.261305962036483,-6369.46689673422
771,-16.09999999999999,-8.271459710790323,-6385.566896734243
772,-6.099999999999994,-8.268650577917374,-6391.666896734265
773,-18.100000000000012,-8.281352579754689,-6409.766896734287
774,-14.099999999999989,-8.288860511909846,-6423.866896734309
775,-12.09999999999998,-8.293771774136767,-6435.966896734331
776,-5.855339194314187,-8.290633508268268,-6441.822235928662
777,-14.099999999999989,-8.298100560314197,-6455.922235928684
778,-10.099999999999994,-8.300413653304808,-6466.022235928706
779,-8.099999999999987,-8.300156712723648,-6474.1222359287285
780,-6.099999999999994,-8.297339610658701,-6480.222235928751
781,-12.099999999999994,-8.302202347729471,-6492.322235928773
782,-12.099999999999985,-8.307052664015897,-6504.422235928795
783,6.444660805685808,-8.288236702957603,-6497.977575123117
784,2.944660805685812,-8.273927279379713,-6495.032914317452
785,-10.099999999999994,-8.276250527115872,-6505.132914317474
786,-16.099999999999984,-8.286191758974683,-6521.232914317497
787,-6.099999999999994,-8.283417403950605,-6527.332914317519
788,5.844660805685807,-8.265511094432687,-6521.488253511843
789,-12.099999999999985,-8.270364877857457,-6533.588253511865
790,-10.099999999999984,-8.272677943751443,-6543.6882535118875
791,-10.099999999999994,-8.27498516856994,-6553.78825351191
792,-12.099999999999985,-8.279808642506168,-6565.888253511932
793,0.14466080568581852,-8.26919847947318,-6565.7435927062625
794,-0.15533919431417864,-8.258992367164806,-6565.898931900594
795,-10.099999999999993,-8.261305190824146,-6575.998931900616
796,-6.099999999999994,-8.258593390082837,-6582.0989319006385
797,-12.099999999999982,-8.263407182827095,-6594.198931900661
798,-6.699999999999987,-8.261450477967486,-6600.898931900681
799,-18.099999999999998,-8.273748664870027,-6618.998931900704
800,-12.099999999999989,-8.278525507985046,-6631.098931900726
801,-8.655339194314198,-8.278995350486703,-6639.754271095059
802,5.644660805685807,-8.261655803592342,-6634.109610289384
803,-6.099999999999994,-8.258967176970959,-6640.209610289407
804,-8.099999999999993,-8.258769702216957,-6648.309610289429
805,-3.2553391943141783,-8.252561972058269,-6651.564949483764
806,-22.10000000000001,-8.269721126987566,-6673.664949483787
807,-6.099999999999994,-8.267035828563076,-6679.764949483809
808,-12.099999999999994,-8.271773732359662,-6691.864949483831
809,-12.099999999999993,-8.276499937628353,-6703.964949483853
810,-6.099999999999994,-8.27381621390748,-6710.064949483875
811,-10.099999999999987,-8.27606520871794,-6720.1649494838975
812,-8.099999999999989,-8.275848646345594,-6728.26494948392
813,-8.099999999999994,-8.275632616067528,-6736.364949483942
814,-10.099999999999994,-8.277871103655176,-6746.464949483964
815,-8.09999999999999,-8.277653124361482,-6754.564949483986
816,6.2446608056858075,-8.259877954312463,-6748.320288678309
817,-8.099999999999994,-8.259682504490566,-6756.420288678331
818,-3.8999999999999986,-8.254359326829405,-6760.320288678335
819,-14.09999999999999,-8.261488156918638,-6774.420288678357
820,-6.099999999999994,-8.258855406423,-6780.520288678379
821,-16.099999999999984,-8.268394511767985,-6796.620288678401
822,-1.1553391943141733,-8.259751674201212,-6797.775627872737
823,5.444660805685807,-8.24312010565766,-6792.330967067062
824,-10.099999999999987,-8.245370869165955,-6802.430967067085
825,-6.099999999999994,-8.242773567871565,-6808.530967067107
826,-10.099999999999982,-8.245019307209084,-6818.630967067129
827,-14.099999999999985,-8.252090539929847,-6832.730967067151
828,-10.099999999999985,-8.254319622511355,-6842.830967067173
829,0.20000000000000007,-8.244133695255318,-6842.630967067176
830,6.944660805685808,-8.225855964207254,-6835.686306261497
831,-16.099999999999994,-8.23532007963489,-6851.786306261519
832,7.544660805685808,-8.21637652515071,-6844.241645455837
833,-6.099999999999994,-8.213838903417917,-6850.341645455859
834,2.5446608056858135,-8.200954472628572,-6847.796984650196
835,7.144660805685808,-8.182598473491833,-6840.652323844515
836,-14.099999999999985,-8.189668248314423,-6854.752323844537
837,-26.100000000000016,-8.211040959235289,-6880.85232384456
838,-10.099999999999994,-8.21329240028507,-6890.952323844582
839,-6.099999999999994,-8.210776575999017,-6897.052323844604
840,-4.155339194314184,-8.205954415021983,-6901.207663038936
841,4.844660805685806,-8.190454872004516,-6896.363002233264
842,-12.099999999999982,-8.195092529333099,-6908.463002233286
843,-12.09999999999998,-8.199719196952373,-6920.563002233308
844,-6.099999999999994,-8.19723432216308,-6926.66300223333
845,-10.099999999999994,-8.19948345416998,-6936.763002233352
846,-6.099999999999994,-8.197004725180406,-6942.863002233375
847,-16.09999999999999,-8.206324295079957,-6958.963002233397
848,-6.099999999999994,-8.20384334773593,-6965.063002233419
849,-8.099999999999987,-8.203721179091536,-6973.163002233441
850,-12.099999999999984,-8.208299650091428,-6985.263002233463
851,-8.099999999999994,-8.208172537826064,-6993.3630022334855
852,-10.099999999999994,-8.210390389481601,-7003.463002233508
853,-5.4,-8.207099534224596,-7008.863002233524
854,-6.099999999999994,-8.204635090324919,-7014.963002233546
855,-20.099999999999994,-8.218531544658653,-7035.063002233568
856,-6.099999999999994,-8.21605951251786,-7041.16300223359
857,-6.099999999999994,-8.213593242689752,-7047.2630022336125
858,-10.099999999999994,-8.215789292465434,-7057.363002233635
859,-14.099999999999987,-8.222631397939312,-7071.463002233657
860,-22.100000000000016,-8.238749131507326,-7093.563002233679
861,-6.099999999999994,-8.23626798402298,-7099.663002233701
862,-4.255339194314182,-8.231655088554025,-7103.918341428033
863,-10.099999999999987,-8.233817524794123,-7114.0183414280555
864,-8.099999999999993,-8.233662822453322,-7122.118341428078
865,3.54466080568581,-8.22006198685501,-7118.57368062241
866,-11.055339194314197,-8.223332202780567,-7129.629019816745
867,-10.099999999999993,-8.225494262454783,-7139.7290198167675
868,-12.099999999999987,-8.22995284212975,-7151.82901981679
869,-6.099999999999994,-8.22750462047213,-7157.929019816812
870,-10.099999999999984,-8.229654442951496,-7168.029019816834
871,-14.099999999999994,-8.236386490608663,-7182.129019816856
872,-12.099999999999985,-8.240812164731677,-7194.2290198168785
873,-10.099999999999987,-8.242939381934502,-7204.329019816901
874,-20.09999999999999,-8.256490308355149,-7224.429019816923
875,5.7446608056858075,-8.240507259138205,-7218.684359011248
876,-6.099999999999994,-8.238066543905438,-7224.78435901127
877,7.344660805685808,-8.220318562869457,-7217.439698205589
878,6.844660805685808,-8.203179792256766,-7210.595037399909
879,-16.099999999999987,-8.212153451583747,-7226.695037399932
880,-12.099999999999984,-8.216566444260724,-7238.795037399954
881,-10.099999999999985,-8.218701856455441,-7248.895037399976
882,-10.099999999999994,-8.220832431929445,-7258.995037399998
883,-18.099999999999994,-8.2320079608526,-7277.09503740002
884,-14.099999999999987,-8.238638460331865,-7291.195037400043
885,1.6446608056858096,-8.227483495020332,-7289.550376594375
886,-12.099999999999994,-8.231849353537784,-7301.650376594397
887,-6.099999999999994,-8.229448622283801,-7307.750376594419
888,1.244660805685811,-8.218791581307457,-7306.505715788746
889,-8.099999999999987,-8.218658107620595,-7314.605715788768
890,-12.099999999999993,-8.223014271360638,-7326.70571578879
891,3.0446608056858118,-8.210382348628524,-7323.661054983125
892,-8.099999999999987,-8.210258740175414,-7331.761054983147
893,-12.099999999999982,-8.21460968118193,-7343.861054983169
894,-10.09999999999998,-8.216716262543738,-7353.961054983191
895,-8.099999999999994,-8.216585998857862,-7362.061054983214
896,3.4446608056858103,-8.203585723713443,-7358.616394177547
897,-6.099999999999994,-8.201243200635812,-7364.716394177569
898,7.544660805685808,-8.183728290728892,-7357.171733371887
899,-10.09999999999999,-8.185857481516972,-7367.271733371909
900,-16.099999999999987,-8.19464121350197,-7383.371733371931
901,-10.099999999999994,-8.196753584662167,-7393.471733371954
902,-6.099999999999994,-8.194431598411159,-7399.571733371976
903,4.944660805685808,-8.179897204158838,-7394.627072566296
904,-6.099999999999994,-8.177598975203967,-7400.727072566318
905,-12.099999999999985,-8.181928336158489,-7412.827072566341
906,-10.099999999999994,-8.184043078897012,-7422.927072566363
907,-8.099999999999985,-8.183950520440078,-7431.027072566385
908,-10.099999999999984,-8.186058385654116,-7441.127072566407
909,-12.099999999999987,-8.190359420395156,-7453.227072566429
910,0.34466080568580715,-8.180990572726571,-7452.882411760759
911,-16.099999999999984,-8.189673697098582,-7468.982411760781
912,-10.099999999999985,-8.19176605887613,-7479.082411760804
913,-16.099999999999987,-8.200418393603837,-7495.182411760826
914,-12.099999999999994,-8.204680231425035,-7507.282411760848
915,7.544660805685808,-8.187486627672731,-7499.737750955166
916,-12.099999999999994,-8.19175327257167,-7511.837750955188
917,-8.099999999999994,-8.191653323473009,-7519.9377509552105
918,6.2446608056858075,-8.175944602984261,-7513.693090149533
919,-12.09999999999999,-8.180209880589715,-7525.793090149556
920,5.044660805685808,-8.16585062903024,-7520.748429343876
921,6.7446608056858075,-8.149678707734452,-7514.003768538197
922,5.344660805685807,-8.135058621587735,-7508.659107732523
923,-16.09999999999998,-8.143678688014589,-7524.759107732545
924,5.444660805685807,-8.128988591264642,-7519.314446926871
925,0.7446608056858155,-8.119405816537913,-7518.569786121207
926,-18.10000000000001,-8.130172369055133,-7536.669786121229
927,-8.09999999999999,-8.13013985572641,-7544.769786121251
928,-10.099999999999994,-8.13226026492369,-7554.869786121273
929,-14.099999999999994,-8.13867718937001,-7568.969786121295
930,-6.099999999999994,-8.136487417952857,-7575.0697861213175
931,-26.10000000000001,-8.15576157308381,-7601.16978612134
932,-8.099999999999994,-8.15570180719626,-7609.269786121362
933,-12.099999999999993,-8.15992482453331,-7621.369786121384
934,-14.099999999999982,-8.166277846111349,-7635.469786121406
935,-12.099999999999987,-8.170480540720204,-7647.5697861214285
936,-6.099999999999994,-8.168270849641528,-7653.669786121451
937,-10.099999999999993,-8.170330262381784,-7663.769786121473
938,7.344660805685808,-8.153807375195342,-7656.425125315792
939,-20.100000000000023,-8.166516090753646,-7676.525125315814
940,-6.099999999999994,-8.164320005641262,-7682.625125315836
941,7.844660805685808,-8.147325333867029,-7674.780464510153
942,-10.099999999999994,-8.149396038709165,-7684.880464510175
943,-6.099999999999994,-8.147225068329176,-7690.980464510198
944,7.544660805685808,-8.130619898092124,-7683.435803704516
945,-14.099999999999987,-8.136930025049743,-7697.535803704538
946,-6.099999999999994,-8.134779095773029,-7703.63580370456
947,-14.099999999999994,-8.141071522887191,-7717.735803704582
948,-1.6553391943141857,-8.134237242245915,-7719.391142898912
949,-14.099999999999985,-8.140516992517234,-7733.491142898934
950,-10.09999999999999,-8.142577437320057,-7743.591142898957
951,-14.09999999999998,-8.148835234129594,-7757.691142898979
952,-18.099999999999998,-8.159277169875523,-7775.791142899001
953,-12.099999999999985,-8.163407906594731,-7787.891142899023
954,-14.099999999999984,-8.16962423339411,-7801.991142899045
955,-20.100000000000023,-8.18210370595332,-7822.091142899068
956,-6.099999999999994,-8.179928048998303,-7828.19114289909
957,-6.099999999999994,-8.17775693412461,-7834.291142899112
958,-8.099999999999994,-8.177675852858577,-7842.391142899134
959,6.344660805685807,-8.162548418839261,-7836.046482093457
960,-12.099999999999984,-8.166645662940365,-7848.146482093479
961,-6.099999999999994,-8.16449738262546,-7854.246482093501
962,-18.100000000000016,-8.174814623141943,-7872.346482093523
963,-10.099999999999987,-8.176811703408394,-7882.4464820935455
964,-12.099999999999987,-8.180877183508489,-7894.546482093568
965,-0.5553391943141772,-8.172983251842657,-7895.101821287901
966,-10.099999999999987,-8.174976030279222,-7905.201821287923
967,7.744660805685808,-8.158530124456943,-7897.45716048224
968,-8.099999999999994,-8.158469721851723,-7905.557160482263
969,-10.099999999999987,-8.160471299458063,-7915.657160482285
970,-10.09999999999999,-8.162468754350487,-7925.757160482307
971,5.044660805685806,-8.148881172498596,-7920.712499676634
972,-12.099999999999987,-8.152941931827993,-7932.812499676656
973,-12.099999999999985,-8.156994352842544,-7944.912499676679
974,-5.355339194314174,-8.154120860372258,-7950.267838871015
975,-18.1,-8.164311310310401,-7968.367838871037
976,-10.099999999999987,-8.166292567925233,-7978.467838871059
977,-10.099999999999987,-8.168269773888499,-7988.567838871081
978,-12.099999999999987,-8.172285841535192,-8000.667838871103
979,-22.100000000000016,-8.186497794758115,-8022.767838871126
980,-20.10000000000002,-8.198642037576915,-8042.867838871148
981,-10.099999999999994,-8.200578247314617,-8052.96783887117
982,-10.099999999999994,-8.202510517663228,-8063.067838871192
983,-10.099999999999989,-8.204438860633084,-8073.167838871214
984,4.344660805685808,-8.19169865792616,-8068.823178065537
985,-26.10000000000001,-8.2098612353522,-8094.923178065559
986,-10.099999999999994,-8.21177626956157,-8105.023178065581
987,-8.099999999999994,-8.211663135685496,-8113.1231780656035
988,7.244660805685808,-8.196034901164392,-8105.878517259923
989,-8.099999999999994,-8.19593789621372,-8113.978517259945
990,0.5446608056858153,-8.187117917705246,-8113.433856454281
991,-16.099999999999984,-8.19509461335272,-8129.5338564543035
992,-6.099999999999994,-8.192984749693755,-8135.633856454326
993,-12.099999999999994,-8.196915348537122,-8147.733856454348
994,-10.099999999999994,-8.19882799642804,-8157.83385645437
995,-14.099999999999982,-8.20475286791757,-8171.933856454392
996,-10.099999999999982,-8.2066538178996,-8182.0338564544145
997,-14.099999999999985,-8.212558974394689,-8196.133856454437
998,-10.099999999999982,-8.21444830475065,-8206.233856454459
999,-12.09999999999999,-8.2183338564459,-8218.333856454481
